;cod_loja;faturamento
0;1;68967.98816090882
1;2;5629.142177116478
2;3;20015.035860006643
3;4;7400.897470580202
4;5;20276.49794783274
5;6;25730.46317795492
6;7;9963.848977199035
7;8;12646.133751946516
8;9;34361.3862417901
9;11;3578.58982412096
10;12;6010.362964634266
11;14;10041.625070594573
12;15;12950.24325243518
13;17;10460.009589097213
14;18;4512.066491899263
15;19;12821.467904176921
16;20;17216.18072556658
17;22;12614.93452963948
18;23;21026.638511550653
19;24;12392.079085913612
20;25;14479.182373731639
21;26;14100.37322967834
22;27;4312.153652706805
23;29;20589.861433142923
24;30;10856.915032694666
25;31;10336.097808638522
26;32;28387.20856789759
27;33;28839.593724687627
28;34;24032.13107221165
29;35;20397.467975614596
30;36;8301.357941916574
31;37;25944.48182805469
32;38;13782.342280797244
33;39;21673.759368542927
34;40;17003.12518577041
35;42;26934.820136467864
36;43;8949.250658879622
37;44;26637.901697497302
38;45;14663.90081336619
39;46;23279.814353513964
40;47;13698.504864004533
41;48;21484.11480576026
42;49;9956.569917643787
43;50;9290.925196141447
44;51;14568.876278290025
45;52;16454.069854455676
46;53;16896.60115919782
47;54;16545.444115028866
48;56;17380.786224467167
49;57;18149.425608435395
50;58;17191.299557149665
51;59;17553.66370331599
52;60;23422.184605605344
53;61;8201.862466553268
54;62;20543.890400300766
55;63;11920.427443615501
56;65;17833.85034687662
57;66;24804.32220206726
58;67;47552.29525955629
59;68;14267.712754582186
60;69;8307.39623798593
61;70;4791.172316345702
62;71;10003.18432807043
63;72;45979.47748800873
64;74;10482.450207794996
65;76;26433.015808483033
66;77;12449.948839879891
67;78;16058.302527770278
68;79;20362.767208710382
69;80;24917.888030042126
70;81;14359.409599143406
71;83;9776.951578021088
72;85;18954.886443318814
73;86;17018.544758536504
74;88;18576.63904264505
75;89;11874.798249244946
76;90;10133.275339368762
77;91;10611.31862667492
78;92;9465.191470302832
79;93;19369.451696488923
80;94;21189.521080793817
81;95;11587.302756404564
82;96;11514.034179268638
83;97;16229.475431668392
84;98;12547.382190578637
85;100;3986.140553980152
86;101;10957.985972213572
87;102;11625.199937527388
88;104;8526.750675752899
89;105;15212.073931798639
90;107;5685.966202664716
91;108;7827.444294135086
92;109;8330.267490571676
93;110;12611.119206677518
94;111;12246.221326637291
95;112;11251.19578273099
96;113;33356.50200564131
97;114;13707.574349652794
98;115;8516.806592860596
99;116;26236.724077728253
100;118;20964.673910706166
101;120;18416.547032766397
102;121;17747.732399835426
103;122;8078.8154007004805
104;123;23862.296880939393
105;124;12849.909890354085
106;125;18080.936008266184
107;126;43364.256415356904
108;128;25330.313528795028
109;130;22985.15963471268
110;131;12973.879976915976
111;133;9809.59914834646
112;134;16488.41213071749
113;135;4901.911092164057
114;136;29038.207397981638
115;137;5139.141035558732
116;138;37947.00189074757
117;139;14465.08592003062
118;140;23284.639357872667
119;141;8356.687544726328
120;142;7537.90302015243
121;143;49033.08856212971
122;144;20316.521766512837
123;145;18178.385885511503
124;146;10706.346185337015
125;147;27131.65915080796
126;148;35123.06237292281
127;149;6056.410861495362
128;150;15749.748070904383
129;151;14152.595807525724
130;152;20472.31445238087
131;153;19838.279311389964
132;154;13569.690569811894
133;155;29938.921490495064
134;156;9390.869030974107
135;157;3528.0530189477035
136;158;6578.378199826315
137;159;6597.317750801121
138;160;22286.41440842548
139;161;3200.061121131905
140;162;16682.7337795536
141;163;15555.496356675338
142;164;30299.254100721824
143;165;20432.094432814916
144;166;8337.557959820622
145;167;3452.3028396220193
146;168;22684.575388989615
147;169;44291.002410772235
148;170;8834.458732298379
149;171;18950.444368488075
150;172;13607.027366230192
151;173;17989.750938072542
152;174;9466.009725102302
153;175;28998.795064214635
154;176;27330.85592800248
155;177;40261.31030905371
156;179;27812.259195042134
157;180;16356.666051526438
158;181;13437.774611948633
159;182;22768.572346925368
160;183;8724.27761344189
161;184;19052.888197742264
162;185;29920.259251282285
163;186;7231.250058642557
164;187;29530.336907083343
165;188;14112.105438708788
166;189;12330.458003477439
167;190;12206.513361856298
168;191;19220.744988191895
169;192;15904.985230831457
170;193;15345.20233100593
171;194;37801.86045673336
172;195;19754.30166554415
173;196;7885.541488357671
174;197;35666.26418276596
175;198;7485.5058763026655
176;199;5129.440772423738
177;204;37814.78398705082
178;205;18925.286781666426
179;207;23897.482214543186
180;208;25311.18691406271
181;209;12560.833094265987
182;210;4991.694916970074
183;211;14713.106299876408
184;212;8424.221051792221
185;214;4676.935644833416
186;216;27806.355941532147
187;217;15092.166702570406
188;218;15782.470374115344
189;219;6798.992620346463
190;221;13173.728169081822
191;222;19854.85552455924
192;223;18461.206630899003
193;224;4191.934231480328
194;225;4963.254949707465
195;226;10272.314000288025
196;227;17465.40799016807
197;228;26598.477760919803
198;229;17735.9012327264
199;230;14749.296477423726
200;231;6051.983599982457
201;233;3804.4731120050333
202;236;20560.74385068205
203;237;4072.4419862545715
204;238;20469.589280561264
205;239;6828.9113545556675
206;243;13908.815735525184
207;244;27962.748838794563
208;245;8072.104388387351
209;246;23919.673288802598
210;247;14447.421066776364
211;248;17276.058625085592
212;249;14197.406843644747
213;250;7726.80866512818
214;251;4357.801882867803
215;252;13463.37675964125
216;253;11432.461569489324
217;256;15594.192138161152
218;257;12679.709322108421
219;258;5175.639587417453
220;259;11760.327172847594
221;260;16559.533949070345
222;263;7700.946448182069
223;264;5201.554309134797
224;265;14186.328154272793
225;266;14566.084564056024
226;267;9651.825975460692
227;268;9455.757417659383
228;269;19823.52019835728
229;270;45263.41673193868
230;271;21360.135221775672
231;273;13495.379588322618
232;274;19029.587586783466
233;275;16631.51596273494
234;276;14081.151300841544
235;277;12863.79258379988
236;279;5741.958950783864
237;280;15734.612219753451
238;281;15251.831655440144
239;282;15509.315232875293
240;283;35037.95999913583
241;284;9312.109475393889
242;286;16772.380875227285
243;287;4454.6021403365585
244;288;3500.991109020181
245;289;8526.454927057674
246;290;13442.54493608137
247;291;19828.12549157621
248;292;21843.819114508366
249;293;32615.763393493708
250;294;41314.17831668729
251;295;24954.367827860475
252;296;9757.1875886523
253;297;7992.788492559902
254;298;3580.7575247529526
255;299;7797.260289424688
256;301;17654.770244713764
257;304;6149.274428505923
258;305;7612.897145837473
259;306;12319.044397769825
260;307;38023.222361941276
261;309;18465.666186552076
262;310;21132.442977414932
263;311;12526.839525962574
264;312;4941.870916814093
265;313;20717.2295542932
266;314;7459.4688604753255
267;316;14239.603407455157
268;317;11723.713573471205
269;318;17835.36014898036
270;319;7988.318711919802
271;320;22886.446850775537
272;321;11107.079944616571
273;322;9363.077958685753
274;324;10276.60029787726
275;325;3912.6996790017915
276;326;4867.211767116066
277;328;42337.378394901745
278;329;22114.65386843236
279;330;17658.177862852313
280;331;15183.4201388394
281;332;13812.78066283926
282;335;26125.115168432098
283;336;5220.915870906972
284;337;15674.657632359505
285;338;6163.181271030896
286;340;9402.193751107512
287;341;6442.390406056659
288;342;9723.6880551761
289;343;32330.77110530312
290;345;21237.19222113148
291;346;6009.268059703733
292;347;7582.416887357482
293;348;7774.9578143929175
294;349;10601.61321395509
295;350;6485.667099109541
296;351;9210.165449293281
297;352;5101.108159802214
298;354;5890.224585531484
299;356;21339.84782813695
300;357;18142.143522309845
301;358;9634.349954709354
302;359;17922.440901014186
303;360;19188.973294454805
304;361;10178.225184072882
305;362;12198.430314458054
306;363;10990.462675586807
307;364;18161.421077873238
308;365;9363.942801190766
309;366;18101.871887152563
310;367;7598.111540791803
311;368;32250.015673216654
312;369;6137.187369956872
313;370;5637.765669636933
314;371;35150.01831972485
315;372;30084.0685753659
316;373;9359.543136593895
317;374;27710.65482914459
318;376;8588.814638666938
319;377;11224.633177482494
320;378;14742.24441554279
321;379;36690.36445875117
322;380;28124.127619435374
323;382;6622.924369526077
324;383;7511.309160115117
325;385;22588.48414214241
326;386;15337.099223430016
327;387;9134.328115142896
328;388;12050.91803629383
329;389;38679.65798626274
330;390;10313.040536467144
331;391;11756.539406403443
332;392;16266.360183487735
333;393;45890.149353807356
334;395;3761.6625565741474
335;396;8797.24589824691
336;397;24789.69230889672
337;398;10672.602458166564
338;399;5870.873886468576
339;400;11554.56358110022
340;401;15018.036687571992
341;402;5032.249877055868
342;403;16577.350480702728
343;404;7087.477299062804
344;405;16798.20831828967
345;406;10532.886422951759
346;407;12405.113485038246
347;408;5809.483207918228
348;409;9855.184946208972
349;410;20815.329808694314
350;411;10382.14813517052
351;412;13737.809035992514
352;413;7899.871183683027
353;414;17204.38250955324
354;415;10092.302142445747
355;416;16914.958399366908
356;417;19953.829262656804
357;418;11319.106943172106
358;419;5600.967511781906
359;421;10724.183488442379
360;422;30309.035099534463
361;423;18318.190301547937
362;424;5061.397049643346
363;425;19613.306243029605
364;426;5497.243081049118
365;428;14199.411406124564
366;429;14893.192731353585
367;430;6839.753840971658
368;431;8662.936673867081
369;432;15345.110168430072
370;433;29513.976253707122
371;434;12901.666779218149
372;435;16072.660160017242
373;436;11175.706330756831
374;437;19145.269677619228
375;438;7709.606065770906
376;439;27745.49054418936
377;440;25937.97729259152
378;441;15315.520492488025
379;442;24575.80741628316
380;443;18417.954059628384
381;444;11210.456381947717
382;445;7546.974450003078
383;446;4654.318942324368
384;447;10755.301663802882
385;449;20706.08044788629
386;451;13175.818444003351
387;453;5982.416322964207
388;454;15426.81590615418
389;455;10186.053097055556
390;456;16930.08217478884
391;457;3564.1890790858306
392;458;26413.54257129322
393;459;10549.782626873297
394;460;12158.374489306158
395;462;23792.323466671744
396;463;9744.01401049068
397;464;15182.911431649141
398;465;20088.75886776214
399;466;8393.585362233665
400;467;19608.012919752928
401;468;15113.526132071454
402;469;22012.976532339715
403;470;9230.901023084434
404;471;33620.34837789006
405;472;5074.150606368258
406;473;23298.764873681484
407;474;3612.3494148286286
408;475;10133.17488702086
409;478;11168.870054926912
410;479;12673.678980797691
411;481;6672.8575896975935
412;482;23496.026416053148
413;483;9807.065973309846
414;484;3225.9341258273435
415;485;8826.719974213487
416;487;5291.688150222791
417;488;24402.089557828996
418;489;6954.974135278037
419;490;8833.594908217407
420;491;9326.842742768406
421;492;14933.480380540279
422;493;14652.932208871309
423;494;11581.466883972063
424;495;7971.265732195318
425;496;12856.950422376396
426;497;5887.373521764086
427;498;14251.04535798065
428;499;15063.255328129002
429;500;25523.075330787546
430;502;15323.649760513787
431;503;18714.33419018255
432;504;9678.810255371425
433;505;17480.633264136548
434;506;10417.365133340527
435;507;4003.3210144554537
436;508;23413.13814058046
437;509;38201.89898807715
438;510;29180.979263013913
439;511;27226.064774773007
440;512;8698.795637677053
441;513;5560.844910189346
442;515;8898.109791129495
443;516;21367.20591470369
444;517;26932.404226277547
445;518;6681.094726183044
446;519;25547.6688481365
447;521;26716.874673193408
448;523;8023.294458006375
449;524;10700.297698759385
450;525;7113.208066687582
451;527;30135.984921423922
452;528;5039.208326826101
453;529;18650.32441951423
454;530;25427.604262362158
455;531;6352.541303166209
456;532;33853.485911541764
457;533;7211.497433045988
458;534;7812.967492388558
459;535;8556.24774810708
460;536;39550.1593764409
461;537;14392.099179274306
462;538;43547.87510965474
463;539;32113.298456071032
464;541;12622.895582125797
465;542;19509.187961960357
466;544;8172.847755433827
467;546;6808.737217187855
468;547;5738.960486252661
469;548;13299.806865469049
470;549;18210.307317972864
471;550;17194.53753035003
472;551;9319.9801531927
473;552;7483.331162344187
474;553;10047.86310537352
475;554;19186.972583758783
476;555;17569.89007243897
477;557;14878.593970469587
478;558;6799.158982289361
479;559;6563.629069620037
480;562;13483.2816915493
481;563;31620.147310627566
482;564;8574.105613983482
483;565;15914.857458521992
484;567;39372.63552812191
485;568;11190.82294633233
486;569;19687.894518441786
487;570;6323.830423404361
488;571;17704.006919187497
489;573;13106.162610541063
490;574;7417.140186541976
491;576;25176.79687528506
492;577;9684.862469974401
493;578;60518.56996083953
494;579;6798.048346323475
495;580;18558.5122166159
496;581;9202.872518304126
497;582;64061.333596433804
498;583;14382.034452274418
499;584;4376.912089870577
500;585;4025.7680532962972
501;586;16480.273424315597
502;587;11495.313350941302
503;589;13174.623815900139
504;590;9936.375301175358
505;591;20650.431672523027
506;593;7759.432705222884
507;594;3465.785794350358
508;595;18420.646977522145
509;597;24671.579713025974
510;598;21359.02292942737
511;599;3782.4321567259813
512;600;11318.195001825981
513;602;30599.284180751198
514;604;2084.8716477803405
515;605;8708.20795753535
516;606;21812.11084881426
517;607;8800.450238147889
518;608;28942.801681366236
519;609;12961.347110369898
520;611;33196.63501806958
521;612;9340.238955903462
522;613;10495.530544066103
523;614;2776.4291746589392
524;615;22761.39639606405
525;616;10958.597633014819
526;617;5482.140798758318
527;619;20669.892389755663
528;621;19631.59761725775
529;622;31005.24549031795
530;623;4818.599641481387
531;624;12450.18266991849
532;625;30703.961688280066
533;626;6015.560369222847
534;627;8207.50729278256
535;628;34697.52421280391
536;629;31052.93808796629
537;630;12181.723673882037
538;631;21502.610456915416
539;632;17518.45170897889
540;633;5009.940159394923
541;634;8257.183428079756
542;635;6974.117912879039
543;638;9052.062183191489
544;639;24694.835740568164
545;640;20854.706899221466
546;642;11759.9329858537
547;643;8526.561191085635
548;644;14061.624345617483
549;647;26901.7775767297
550;648;9901.609806959474
551;649;8252.760775779372
552;650;18195.81889831254
553;651;20904.877980859128
554;654;15481.770296846333
555;655;18585.6386032857
556;656;56504.25824404877
557;657;11895.14315944867
558;658;12295.606254121776
559;659;7191.094787910934
560;660;3731.53049988806
561;661;7740.626913961991
562;662;15047.883225793412
563;663;14471.949955267539
564;664;14216.561067807359
565;665;3111.5051865557602
566;666;6549.459603725368
567;667;6385.160013119227
568;668;11105.46130897763
569;669;21150.42635973726
570;670;9804.247939422114
571;671;13540.09973632601
572;672;5455.024246103797
573;673;6712.863369528488
574;674;7615.5215021752265
575;675;7868.988347702769
576;676;10032.155365996556
577;677;8434.16916697479
578;679;11841.798477265433
579;681;8265.867603955996
580;682;7281.267133734283
581;684;8560.010347521882
582;686;2485.5543076655144
583;687;21326.89110547667
584;688;6494.793681929423
585;689;18573.457003641794
586;690;9529.310593301618
587;691;6054.858615538159
588;692;5495.633731090977
589;693;64406.204567189
590;694;4637.954658939874
591;695;9797.315174910776
592;696;3585.865590548785
593;697;20710.876199656555
594;698;7029.502908003946
595;699;23171.3534735655
596;700;41709.45859859601
597;701;11917.348485256987
598;702;12666.491050255616
599;703;21767.599394341312
600;704;19123.38697619896
601;705;5147.082145808582
602;706;6891.5709930960875
603;707;14084.236892447252
604;708;7607.794486500723
605;709;11564.445508150093
606;710;11999.772818461584
607;711;4123.044389737936
608;712;18642.806390439728
609;713;18460.792136615728
610;714;12220.245804078173
611;716;23293.845392596355
612;717;7903.157769792108
613;718;4369.1004998539875
614;719;17471.737468971594
615;720;31227.730103249985
616;721;13345.051538976906
617;722;17708.977093489262
618;723;16302.19924121204
619;724;26413.6744646984
620;725;9354.78198832611
621;726;9632.472874356416
622;727;13582.18894658458
623;728;49676.29959870058
624;729;10526.07336891603
625;731;34310.15697640296
626;732;8522.012393279323
627;734;11679.923846326174
628;735;6279.989369623222
629;736;7394.970587958854
630;737;7618.971522351091
631;738;16777.565589853
632;739;10166.21020239626
633;740;5597.158463967052
634;741;4623.3081669831045
635;742;15541.40606222519
636;743;12519.682863634216
637;744;9768.542271519005
638;745;5523.29971847342
639;746;4559.220831050429
640;747;5818.9649112433735
641;748;4985.261176545416
642;749;52719.462224806055
643;751;1909.6893016063777
644;752;4059.7849381405504
645;753;1847.7759046995404
646;754;7125.587596066187
647;755;3596.766568366471
648;757;10733.660104794768
649;759;29304.97904210402
650;760;29766.679443559817
651;761;3540.274341998609
652;762;3549.591089631649
653;763;22636.318818363306
654;764;18650.70486864094
655;765;10804.84832376207
656;766;8541.849121612568
657;767;22838.624721677657
658;768;10237.432962042998
659;769;4411.099610242908
660;770;15258.26703492926
661;772;3143.989138822615
662;773;24323.212559057927
663;774;5602.974916902423
664;775;5813.54156526547
665;776;8802.769167836914
666;778;5835.663306329313
667;779;1364.299593814045
668;780;7191.50109493965
669;781;4568.810763972032
670;782;6719.606590527299
671;783;56389.241247901016
672;784;8478.31694554717
673;785;5984.211431035995
674;786;10610.940617480053
675;787;16537.43569560019
676;788;6031.798518035579
677;789;6511.367166719415
678;790;29364.86747089548
679;792;3908.8954039194664
680;793;6354.204868175159
681;794;8939.624076445363
682;795;2526.287701169317
683;796;10482.616763452681
684;797;6522.166028719003
685;798;5733.198913473839
686;799;50669.41256203694
687;800;23334.79197254872
688;801;8370.768200889599
689;802;25923.137739776288
690;803;16046.729123073417
691;804;4166.227959301141
692;805;12910.56237252875
693;806;7502.1425298197255
694;807;16936.030818841326
695;808;5585.080698022571
696;809;18087.0066824653
697;810;7848.221729377848
698;811;5807.717735179943
699;814;4618.162322438158
700;815;5517.383010992901
701;816;3228.6228723430654
702;817;5597.993475403327
703;818;11635.004812441466
704;819;3985.533089945568
705;821;9368.5603872645
706;822;7819.196725298304
707;823;9370.236729381428
708;824;9753.53296390256
709;825;10195.290873948028
710;826;21400.76454654145
711;827;3746.450680290443
712;828;7298.518528766882
713;829;13093.793450113168
714;830;15840.850852492962
715;831;7067.552424246853
716;832;4007.4760480409573
717;833;5019.151150213001
718;834;6984.533529772926
719;835;13910.066144625931
720;836;10716.281996523261
721;837;11537.907360463067
722;838;5467.126078761834
723;839;7291.767688980418
724;840;5699.281692867559
725;842;4676.551251251996
726;843;15095.51775862635
727;844;18258.349539958646
728;845;9841.22791916452
729;846;7630.759375668676
730;847;9801.41219417102
731;848;30777.23214018758
732;849;9207.555731472848
733;850;4175.971992589205
734;851;9093.05505944745
735;852;32041.655188937104
736;853;3015.4097983381275
737;854;6554.262346596476
738;855;10950.473265565883
739;856;7530.84500219014
740;858;3835.6862915518545
741;859;7784.004854109805
742;860;6648.4435279338795
743;862;14669.666711476646
744;863;7266.585346428798
745;864;2777.913473898869
746;865;9000.402650457436
747;869;21715.50709332748
748;870;7891.698824410535
749;871;5809.224095559902
750;872;9753.978258760535
751;873;11695.376333772501
752;874;7827.047824159726
753;877;6385.3031672168
754;878;2405.508016096707
755;879;13072.723820719722
756;880;15462.190495550652
757;881;4428.9298544881885
758;882;5968.202664516267
759;883;11182.134672530616
760;884;7486.572578102511
761;886;19757.03543094858
762;887;7337.3825403973
763;888;8206.855905436423
764;889;6845.076349376129
765;890;4209.941229796114
766;891;9530.657442514897
767;892;18205.798382003395
768;893;45467.090750929194
769;894;3152.43476599658
770;895;17425.28296047298
771;896;40406.455399093735
772;897;16688.880914493475
773;898;7873.8037645305785
774;899;10423.496878555974
775;900;10018.282870440466
776;901;4728.440573479549
777;902;13432.51011633926
778;904;23433.062142079452
779;905;2674.4488187206184
780;906;11193.004705648977
781;908;13893.110841804519
782;909;9956.610716782425
783;910;7055.365085271187
784;911;6771.344229522526
785;912;19632.831465894957
786;913;6066.07572695967
787;915;25789.804101355006
788;916;5868.338235833639
789;917;26907.58948953828
790;918;7416.121750177957
791;919;10394.63663522612
792;920;13820.955124277847
793;921;7653.713295299492
794;922;7808.313644640122
795;923;9753.567155972445
796;924;5758.848721844702
797;925;9212.741694501476
798;926;9420.016073826228
799;927;19051.633969209677
800;928;11111.130445170807
801;930;13253.159264154101
802;931;22745.93064037715
803;932;6512.271381058457
804;933;4107.973491549698
805;934;12537.212412752224
806;935;7979.937428625751
807;937;25168.44663735831
808;939;46375.16000132775
809;940;12093.768311753629
810;941;14194.601921719543
811;942;19527.394752197197
812;943;3151.047927199374
813;945;3694.80767923265
814;946;3488.519579937603
815;947;34509.726425286244
816;948;8695.987368431204
817;949;2993.4931044687232
818;951;6509.312700871942
819;954;18256.64738488488
820;955;7141.718422080205
821;956;20381.458732408613
822;957;12161.917187305522
823;958;6611.835090452828
824;959;13969.589719060305
825;960;7264.8772027303785
826;961;9051.192421166152
827;962;20760.70212633167
828;963;18999.002412445247
829;964;5639.886962404239
830;965;2062.3942826680727
831;966;30981.8542473456
832;968;34792.87100783801
833;969;6116.85307338361
834;970;20172.50256876641
835;971;8513.097275482507
836;972;16702.042875202354
837;973;22563.974145833567
838;976;7915.88539578379
839;977;17968.30116493625
840;978;5943.324785139746
841;979;10410.996008790218
842;980;11578.083461669145
843;981;3497.039922227516
844;982;14251.5568907793
845;983;5433.822498895822
846;984;17911.82661333415
847;985;4092.447321099931
848;986;7204.33599349609
849;987;6745.222012527185
850;988;3320.849642663236
851;989;7584.905621175971
852;990;9912.76012790361
853;991;8738.73097145236
854;992;4115.3804396833575
855;993;4047.684513314416
856;994;37975.4116891642
857;995;20624.29623994935
858;996;12260.32907852702
859;997;5663.267172531302
860;998;2142.8493855972433
861;999;10832.866261840947
862;1000;21075.179798
863;1001;29326.163335801382
864;1002;6536.542096171585
865;1003;9752.722439824809
866;1004;4632.155647566267
867;1005;25705.75675780559
868;1006;5643.260378502277
869;1009;2952.2684107639507
870;1010;33667.86598238501
871;1011;28041.113777239556
872;1012;7333.632505315443
873;1014;5234.223940521869
874;1015;19445.41338807651
875;1016;13186.135582025037
876;1017;31055.17033147461
877;1018;9084.070175523177
878;1019;8346.731394522043
879;1020;27087.464864354417
880;1021;5131.8151647082905
881;1022;22659.75188627696
882;1023;7831.580675729584
883;1024;11327.293525192514
884;1026;9527.593110472782
885;1028;7097.423157860459
886;1029;11878.93692261471
887;1030;3756.3174134257292
888;1031;3804.34447622852
889;1032;6534.893051767908
890;1033;32403.07697220937
891;1035;8660.992367840618
892;1037;6883.670619239605
893;1038;4591.299530691465
894;1040;14724.347709035848
895;1041;11472.243902790613
896;1042;3234.12552543478
897;1043;5432.639667878676
898;1044;9755.658188474963
899;1045;5372.030077011651
900;1046;20124.003585205453
901;1047;4644.682151147556
902;1048;25664.62423127033
903;1049;23959.00285240157
904;1050;2775.214071390037
905;1051;3761.448272359969
906;1052;5630.103830049131
907;1053;2204.0618236149217
908;1054;7124.865763569208
909;1055;11569.474962411832
910;1056;3621.6530337672903
911;1057;8762.932037147659
912;1058;8474.72437275378
913;1060;10167.832888722505
914;1061;14501.429163103721
915;1062;17934.610573605063
916;1063;13615.408259524696
917;1064;23558.872337449837
918;1066;51198.57225268538
919;1067;14596.351619583016
920;1068;29836.191632579983
921;1070;6348.903410608346
922;1071;5430.421817634301
923;1072;28584.500572860125
924;1074;7805.24498815178
925;1075;8654.262351318055
926;1076;10791.589968191503
927;1077;7918.803414198377
928;1078;10354.557189115218
929;1079;19209.336443589495
930;1080;12996.65539065234
931;1081;23377.565788060776
932;1083;5982.367613017049
933;1084;11082.786192903868
934;1085;10195.961227672944
935;1086;6913.309758387334
936;1087;29205.885215703533
937;1088;8677.072048058159
938;1090;5171.4301270993055
939;1091;46309.13115621056
940;1092;4094.987651074947
941;1095;21726.051420914053
942;1096;4274.864913496116
943;1097;8175.3788567321
944;1098;19817.96597759638
945;1100;3838.6452801188284
946;1101;3845.9262293857605
947;1102;7136.724577571252
948;1103;52351.93231571814
949;1104;7920.222446479917
950;1105;6052.684228501589
951;1107;13772.222455539797
952;1108;4966.138862447179
953;1110;7806.761831037104
954;1111;9082.698328498076
955;1112;16107.39680634218
956;1113;4833.58606956684
957;1115;18962.133298113138
958;1116;5744.873685424089
959;1117;9375.8279913543
960;1118;19021.71584738825
961;1119;23885.771319265416
962;1120;6530.65000032807
963;1121;30016.753957197026
964;1122;4312.83725144206
965;1123;9145.327158541726
966;1125;11951.124414101616
967;1127;25801.679036893955
968;1128;23719.456218490133
969;1129;20086.747358372482
970;1130;9768.018495703654
971;1131;7480.554594827285
972;1132;26106.774508078186
973;1133;14730.764401652494
974;1134;21351.141720298074
975;1135;24551.18833299336
976;1136;6455.088355510271
977;1137;17109.175524823426
978;1138;10386.037400909807
979;1139;7970.216582093667
980;1140;8226.992571173841
981;1141;4840.601380739635
982;1142;24604.2574422726
983;1143;6744.696998201684
984;1144;9162.143510076849
985;1146;3657.8959107195205
986;1147;4376.005503496083
987;1149;5137.878642494409
988;1150;3488.2780731597672
989;1152;10380.792590895288
990;1154;5373.771830784265
991;1155;6851.215821917628
992;1157;9943.500794409867
993;1158;9241.693595794337
994;1159;2454.887871454003
995;1160;6200.795750933826
996;1161;8578.69455614934
997;1162;9012.643065025177
998;1163;22220.144233362884
999;1165;19648.5713641402
1000;1166;24725.39584759129
1001;1167;3149.8360285177787
1002;1168;4194.011685425788
1003;1169;21291.252203525335
1004;1170;11783.31532751876
1005;1171;20914.319304296016
1006;1172;14531.800876436057
1007;1174;78666.31907058416
1008;1176;5727.317209485668
1009;1177;25762.430588064075
1010;1178;5592.629051693863
1011;1179;9586.5883894846
1012;1181;10593.10450682332
1013;1182;45526.76317160126
1014;1183;16348.261807717145
1015;1184;9428.961689849317
1016;1185;13167.94114221601
1017;1187;4243.305553889133
1018;1188;4184.2043140444
1019;1189;9821.679350681474
1020;1190;23360.74125368308
1021;1191;19555.29042706971
1022;1192;5288.311924556369
1023;1193;7307.365215521048
1024;1194;3709.7054916518573
1025;1195;8877.857194926908
1026;1197;7275.288148046682
1027;1198;6969.860468346441
1028;1200;7487.481409670673
1029;1201;15136.15103396098
1030;1202;13248.532854544375
1031;1203;38953.02632024491
1032;1204;37913.760887559474
1033;1205;7490.097834304797
1034;1206;8752.9493176916
1035;1207;17740.267793928946
1036;1209;10873.70805403165
1037;1210;6875.729169067902
1038;1211;18279.607101412123
1039;1212;15083.491647698529
1040;1214;11431.250951876124
1041;1215;17117.75352078091
1042;1216;15216.095095505696
1043;1217;3627.578445045261
1044;1218;13815.018527479138
1045;1219;10104.974944018124
1046;1220;6692.973197486867
1047;1221;5615.9469558666415
1048;1222;7169.123505745345
1049;1223;9487.24748460204
1050;1224;21811.014764075375
1051;1225;7130.392163947991
1052;1227;34817.80475211552
1053;1228;14697.683988991754
1054;1229;9446.05258646422
1055;1230;28456.185621320084
1056;1231;5030.117120413067
1057;1232;20823.051119127846
1058;1233;18455.3839636836
1059;1235;24442.558912762368
1060;1236;35209.5089839198
1061;1237;29680.003040649524
1062;1238;12438.331641306053
1063;1239;13209.327879658456
1064;1240;10698.486424876537
1065;1241;9869.840793991503
1066;1242;16505.345320059165
1067;1243;9780.180916420732
1068;1244;4184.529542129745
1069;1245;5930.509689251925
1070;1248;12900.94357740092
1071;1249;14566.020058607493
1072;1250;9135.691752632478
1073;1251;7869.027345009014
1074;1252;7590.206972816784
1075;1253;6285.870031881008
1076;1255;66354.07034326436
1077;1256;23156.6148333999
1078;1257;8691.09539148498
1079;1258;4060.655953510936
1080;1259;11100.578198984667
1081;1260;15250.983103731613
1082;1261;5602.363247005174
1083;1262;4222.534107477874
1084;1263;13142.249290431258
1085;1264;16007.582939832319
1086;1265;51160.033109137476
1087;1266;43867.55335105193
1088;1268;15296.753348002392
1089;1269;75357.68745246592
1090;1270;11984.083539085317
1091;1271;9745.989148256036
1092;1272;7453.876244818776
1093;1273;5732.384257053324
1094;1275;17714.634880336318
1095;1276;5015.190152897981
1096;1277;2501.9628438983027
1097;1278;8585.892003424902
1098;1280;8092.740471749312
1099;1281;22077.265010215513
1100;1282;5767.323117038879
1101;1284;13237.38223991819
1102;1285;4559.973189647678
1103;1286;20328.232151997265
1104;1288;4617.285848908267
1105;1289;4085.043236483867
1106;1290;9576.40865889583
1107;1291;11789.077080386349
1108;1293;8734.41159861064
1109;1294;13899.013735918505
1110;1295;6918.705017208133
1111;1296;11247.320399600349
1112;1297;4508.027469535735
1113;1299;13574.347787991055
1114;1300;5081.114550199199
1115;1301;5339.348553312172
1116;1302;6114.690793153306
1117;1303;8695.40616090307
1118;1304;7660.624834912273
1119;1305;7055.553551852376
1120;1306;14551.381777564166
1121;1307;2832.232183289558
1122;1309;9730.352216323845
1123;1310;9952.300522204161
1124;1311;10460.413768081182
1125;1312;7869.385672197226
1126;1313;9999.319760760836
1127;1315;23078.09930696937
1128;1316;14766.620924121418
1129;1318;19424.856146259724
1130;1319;13949.849821139918
1131;1320;18056.187456334697
1132;1323;9441.09838782376
1133;1324;42199.23506564915
1134;1325;8436.121952736074
1135;1326;30639.13391339774
1136;1327;7861.757218787773
1137;1328;2785.756924630259
1138;1329;10352.353310563849
1139;1330;16450.08147769453
1140;1331;4608.117317336112
1141;1332;6344.136999523139
1142;1333;6101.851822123172
1143;1336;6647.861807238351
1144;1337;18649.674555098693
1145;1338;3743.5729330090994
1146;1339;13230.750148468644
1147;1340;7954.7397137957305
1148;1341;23507.44283895538
1149;1342;19360.229529220804
1150;1343;13741.657147544043
1151;1344;15481.622580918687
1152;1345;6257.340788684625
1153;1346;14360.045130956714
1154;1347;6263.531014266363
1155;1348;3684.430192323569
1156;1349;22453.998270372485
1157;1350;3627.7280325804218
1158;1351;25110.01609818272
1159;1352;8534.97946123911
1160;1353;8102.960722213092
1161;1354;29944.517220145837
1162;1355;5876.638070824168
1163;1356;25374.476301274593
1164;1357;8820.691406618504
1165;1358;10843.187995488506
1166;1362;13395.402922927422
1167;1363;11494.47486870637
1168;1364;8393.765883629216
1169;1365;7101.957711858631
1170;1366;21783.955467679833
1171;1367;23004.213242330345
1172;1368;18040.129042261076
1173;1369;12258.46756739811
1174;1370;2776.237388699261
1175;1371;8293.546488237951
1176;1372;14813.468643802977
1177;1373;5374.118395294013
1178;1375;12292.920138243986
1179;1376;18279.047825439764
1180;1377;9175.968212998661
1181;1378;5381.722778296778
1182;1379;5619.263962230786
1183;1380;13386.58402263516
1184;1381;15761.010767225627
1185;1383;5542.347619894267
1186;1386;31520.830431855964
1187;1387;6297.474228914194
1188;1388;17367.544839335962
1189;1389;31911.968239567836
1190;1391;26816.283640683494
1191;1392;30308.512424260884
1192;1393;12484.16316174391
1193;1394;26758.619328021745
1194;1395;14267.830716211496
1195;1397;27456.67233935391
1196;1399;5243.556224823044
1197;1400;10059.863747319198
1198;1401;16681.772926844173
1199;1402;12297.841324270239
1200;1404;18367.867427006287
1201;1405;15499.377808677405
1202;1406;34047.65229163998
1203;1407;8387.362028560254
1204;1408;5711.837439600325
1205;1409;3696.2231863789707
1206;1410;4310.772124365752
1207;1411;3159.8865261139895
1208;1412;5886.725288916958
1209;1413;5772.00657297355
1210;1414;8198.565673170646
1211;1416;13618.370757505783
1212;1417;22253.868986026006
1213;1420;5665.5229125046
1214;1423;5783.737491316761
1215;1424;5873.433205933121
1216;1425;35460.418564046464
1217;1426;8676.444008170729
1218;1427;14604.842354411116
1219;1428;26754.329799558527
1220;1429;12555.514971161576
1221;1430;11443.37985894676
1222;1431;8613.007816755433
1223;1432;27017.01982462834
1224;1433;36024.916049002255
1225;1434;10904.49781896401
1226;1435;10617.321560914344
1227;1436;5141.33686894778
1228;1437;27554.580253316675
1229;1438;9724.097910326693
1230;1439;34090.87486158021
1231;1440;38123.27567288271
1232;1441;18765.214254847913
1233;1442;25507.551725042023
1234;1443;38656.503356992915
1235;1444;16711.013237228064
1236;1445;5634.7880699716525
1237;1446;9782.768029304036
1238;1449;18976.85862895591
1239;1450;12438.814268083297
1240;1451;12145.704219811116
1241;1453;9365.653866570694
1242;1454;4297.404561405564
1243;1455;9590.48275484612
1244;1456;15111.066481599395
1245;1457;12499.208969983423
1246;1458;16279.889088412347
1247;1459;12763.714910552191
1248;1463;3339.9700700004764
1249;1464;26373.380583501697
1250;1465;14831.409893256461
1251;1466;21626.927004108315
1252;1467;9601.299646196336
1253;1468;13578.113975387401
1254;1469;8390.240081194423
1255;1470;9236.340376315145
1256;1471;3368.20341973627
1257;1472;10186.716059098673
1258;1473;19081.33318997212
1259;1474;6451.658204013615
1260;1475;29742.47788873302
1261;1476;13352.74024030012
1262;1477;12897.394082840261
1263;1478;7257.756172882066
1264;1479;7962.000422528469
1265;1480;9704.308898297282
1266;1481;17014.755117762226
1267;1482;10546.83596537047
1268;1483;16685.5625781456
1269;1484;11158.692774345154
1270;1486;13817.662783028332
1271;1487;9925.332948296618
1272;1488;31671.717061744723
1273;1489;5568.313840836482
1274;1490;7156.546177055469
1275;1491;3792.8622002286124
1276;1492;15948.627245021054
1277;1493;13559.826972890905
1278;1494;5384.080807225579
1279;1495;15012.390998232468
1280;1496;21555.91335197789
1281;1497;4920.138119078069
1282;1498;8828.028890043186
1283;1501;6169.538632324199
1284;1504;25341.044538423255
1285;1505;20427.180298783813
1286;1506;11083.731515035537
1287;1508;8684.556723620934
1288;1509;8089.896610678276
1289;1511;14236.587251711297
1290;1512;16595.226939982087
1291;1513;15114.356618999538
1292;1514;4049.6844743887027
1293;1515;12294.011066479075
1294;1516;17724.521789627757
1295;1517;9535.77606314668
1296;1519;12486.090542214088
1297;1520;9755.078243599348
1298;1521;25738.27173218949
1299;1522;3697.3936918828826
1300;1525;4932.635565356402
1301;1526;3693.7977366690207
1302;1528;23381.299317635498
1303;1529;4261.963867230959
1304;1530;4740.615905184243
1305;1532;9608.616500357246
1306;1533;9488.258914846912
1307;1534;11031.163566385148
1308;1535;3356.0938612363184
1309;1536;10702.525262308007
1310;1537;8503.3700966367
1311;1538;8100.888622845342
1312;1539;19308.92479210909
1313;1540;16467.164197854243
1314;1541;6761.985374092582
1315;1542;6823.917149428703
1316;1543;10514.39655863258
1317;1544;8409.939199544844
1318;1545;6519.508444608683
1319;1546;8393.91150072622
1320;1547;4516.662698705703
1321;1548;17829.162479513077
1322;1549;12224.243769476207
1323;1550;4776.43650405314
1324;1552;6513.140283296186
1325;1553;18968.101020665814
1326;1554;5094.511506537848
1327;1555;7080.420922545783
1328;1556;14420.619519329173
1329;1557;4476.01127438761
1330;1558;12304.056824301379
1331;1559;8197.50292874639
1332;1560;11341.848079130797
1333;1561;12340.030852063886
1334;1562;15840.3306194217
1335;1564;2983.9010037229405
1336;1565;4998.156794389782
1337;1566;20198.2124031948
1338;1567;2526.77425983113
1339;1571;15073.044211321581
1340;1572;12977.038445192762
1341;1573;6372.056516880358
1342;1575;8624.135124429513
1343;1576;9037.117229527916
1344;1577;4819.085926796791
1345;1578;19606.35526578896
1346;1579;17936.02332544668
1347;1581;2088.162935688965
1348;1582;5839.231991709883
1349;1583;6911.592297984589
1350;1584;10389.576913827637
1351;1585;7462.850296778303
1352;1586;34831.31478208563
1353;1587;12960.335969583239
1354;1588;7288.513351939774
1355;1589;5073.972660034141
1356;1590;10395.092505701117
1357;1591;4621.417303251824
1358;1592;9580.28950951458
1359;1593;11383.055086943777
1360;1594;7405.775112599244
1361;1596;20948.11460655607
1362;1597;6701.195659232108
1363;1599;8077.405108669852
1364;1600;9470.495102535939
1365;1601;16938.75721142827
1366;1603;20461.94563120637
1367;1604;13147.300584737457
1368;1606;8385.643039238044
1369;1607;4460.366356549075
1370;1608;13304.067765101616
1371;1609;18017.498845952323
1372;1610;25080.19875812251
1373;1611;11839.357871096892
1374;1612;5009.419284239605
1375;1614;16247.253851915419
1376;1615;10490.840651347995
1377;1616;19471.642019713985
1378;1617;10917.222613770866
1379;1618;38623.447116300835
1380;1619;3691.0265431453795
1381;1620;931.1159278395745
1382;1621;6366.898471720339
1383;1622;4366.75695969523
1384;1625;35123.10907675718
1385;1627;16496.73325494972
1386;1628;6667.1668481388015
1387;1629;7346.82632718957
1388;1630;12435.123947834
1389;1631;8560.226555227166
1390;1633;5426.298316893962
1391;1634;6274.823394331001
1392;1635;5351.626095160252
1393;1636;7061.441747848049
1394;1637;10599.034273195566
1395;1638;9373.912453887595
1396;1639;11019.024521074245
1397;1640;20282.24577051868
1398;1641;48494.50110057412
1399;1642;5346.883130739302
1400;1643;7426.535357855729
1401;1644;8068.932552234294
1402;1645;15730.201108495205
1403;1646;9375.69828000815
1404;1647;9194.169568789599
1405;1648;14250.812510329924
1406;1649;8644.350799032396
1407;1650;18643.75093876704
1408;1651;9474.376377724619
1409;1652;5610.663251634806
1410;1653;7579.240385029305
1411;1654;7268.450782628675
1412;1655;13875.456071151588
1413;1656;6791.665202244912
1414;1657;10973.533430843852
1415;1658;34150.036666487686
1416;1659;17729.763096448198
1417;1660;9894.429540933686
1418;1661;19274.21785827348
1419;1662;47508.76584855856
1420;1663;7686.507775993851
1421;1664;31633.650024949744
1422;1665;41646.87155122737
1423;1666;13438.180960739526
1424;1668;10213.187915809875
1425;1670;2925.211386550813
1426;1671;9199.072955614198
1427;1672;5135.341265872223
1428;1673;13652.8956089654
1429;1675;15203.68682785701
1430;1676;12930.015791727223
1431;1677;11352.827377605558
1432;1678;12657.735706608388
1433;1679;6999.027347586039
1434;1680;11972.87353772831
1435;1681;43613.727382881625
1436;1682;4757.7614407512165
1437;1683;17690.715239727095
1438;1684;4701.818167530616
1439;1687;1951.3988709420692
1440;1688;6691.639200674473
1441;1689;10233.187994904694
1442;1690;30109.802515142805
1443;1691;4718.517887349564
1444;1692;8312.343477442215
1445;1693;8421.461690814847
1446;1694;6022.448864407196
1447;1695;11470.79451731556
1448;1697;7655.174057264278
1449;1698;11829.680574619037
1450;1699;12722.35762494435
1451;1700;4036.9528346321836
1452;1701;9468.00298274233
1453;1702;8550.76437479592
1454;1703;6882.123593796128
1455;1704;6851.3997313231375
1456;1705;8802.171659783467
1457;1706;29073.000258060467
1458;1707;5721.067638956972
1459;1709;5294.941498106739
1460;1710;7082.345474870027
1461;1711;5154.231033706047
1462;1712;3825.5763984146156
1463;1713;5625.567299092364
1464;1714;5246.82876524209
1465;1715;6970.847670325688
1466;1716;36494.93384580188
1467;1717;11584.409464736156
1468;1718;2984.4724887661428
1469;1719;4009.3909271571174
1470;1720;9448.488345365893
1471;1721;12254.63930334569
1472;1722;14030.629468903675
1473;1723;19480.493603364084
1474;1725;5592.323174255039
1475;1726;4804.887310237604
1476;1727;3477.2661801219488
1477;1728;4493.298295781479
1478;1729;5444.000976450668
1479;1730;6926.273650116232
1480;1731;4509.862588345346
1481;1733;6305.746245590349
1482;1735;4529.437780258815
1483;1736;7357.809928252546
1484;1737;21227.427742733395
1485;1738;5402.341015009509
1486;1739;19388.820588685787
1487;1740;8402.602012080379
1488;1741;19574.286204168555
1489;1742;19712.36293737003
1490;1744;9017.74082935962
1491;1745;11698.54097550396
1492;1746;14076.050178838013
1493;1747;7427.8005125185
1494;1748;8848.333156784594
1495;1749;18710.44321493684
1496;1750;4554.686387989213
1497;1751;12211.339876236001
1498;1753;31057.347785544378
1499;1755;2020.8670796106035
1500;1756;6186.624038298806
1501;1758;7414.261202541243
1502;1759;4731.044354914655
1503;1761;39043.59284963843
1504;1762;16729.89248029063
1505;1763;11578.009662503595
1506;1764;10757.54844613048
1507;1765;8732.724676497593
1508;1766;9006.49363791935
1509;1767;3101.4525627972785
1510;1769;16218.135767587906
1511;1770;11100.53006818576
1512;1771;6628.659436984181
1513;1772;3546.9433429795718
1514;1773;15424.99370508113
1515;1775;6886.933554362703
1516;1776;10781.074750310729
1517;1777;3692.203870955435
1518;1778;2578.7284235805187
1519;1779;7734.1508139313555
1520;1780;3782.155895107247
1521;1781;1292.8215263569687
1522;1782;3888.6314780087782
1523;1783;9162.62298711472
1524;1784;4616.340290136673
1525;1785;4551.185430041837
1526;1786;4654.952116444897
1527;1790;8188.902915457813
1528;1791;3586.2120628336475
1529;1792;6124.937831373661
1530;1793;8004.7715340560535
1531;1796;7911.358737499005
1532;1797;8139.65322569675
1533;1798;6406.185353481113
1534;1800;18088.73911571979
1535;1801;26959.386728768048
1536;1802;8546.734129826835
1537;1803;7224.517171694089
1538;1804;5972.750260981073
1539;1805;4291.716066894181
1540;1806;7796.49637300914
1541;1807;7144.579415302637
1542;1810;6173.973134607317
1543;1812;7904.508252690798
1544;1813;14395.945125310956
1545;1814;23647.668992720883
1546;1815;12171.895875246955
1547;1816;33005.0328802683
1548;1817;6419.705951194058
1549;1818;14724.163939322478
1550;1820;6727.959597694969
1551;1821;6227.310822351873
1552;1822;12500.92210588672
1553;1823;7290.471591741504
1554;1825;48345.05406119692
1555;1826;14670.554119378061
1556;1827;2928.967019232425
1557;1828;6996.595197973809
1558;1829;5039.867164380804
1559;1830;4171.387014638069
1560;1831;5620.948238339567
1561;1832;11706.40408134133
1562;1833;3949.397536695742
1563;1834;5868.008851535599
1564;1836;18618.315584956934
1565;1837;11279.082783107233
1566;1838;10928.372865965663
1567;1839;3731.2185242819583
1568;1840;5051.198877015407
1569;1841;6648.768258170373
1570;1844;5910.956004928338
1571;1845;12351.548074135659
1572;1846;26822.84893164136
1573;1847;13911.744059663883
1574;1848;5042.057009224388
1575;1849;30166.173713324377
1576;1850;2901.879386878391
1577;1852;4232.067165385558
1578;1854;9829.878176954635
1579;1855;5445.846557993798
1580;1856;52155.82426792453
1581;1857;45132.95605381388
1582;1859;6661.159670462436
1583;1860;8558.365185315022
1584;1864;3657.1392928288824
1585;1865;4904.449006913765
1586;1866;11004.823702567366
1587;1867;19237.93609150723
1588;1868;10417.106627141566
1589;1870;12125.991521636943
1590;1871;4447.275333845299
1591;1873;56647.43973133942
1592;1875;5093.836122249083
1593;1876;5878.182356183314
1594;1877;20690.844274212457
1595;1878;2930.162371652306
1596;1879;14346.387758977866
1597;1880;10379.170008427953
1598;1881;8575.539726134992
1599;1883;8762.196934682508
1600;1884;4070.523705840484
1601;1886;11039.140085658057
1602;1887;15242.314696525917
1603;1888;7883.368139445666
1604;1889;6538.6553667112785
1605;1891;7878.397103244354
1606;1892;5220.107312085182
1607;1893;1661.6823065396839
1608;1894;8804.016591720132
1609;1895;7405.657523605657
1610;1897;14134.567429414019
1611;1898;16444.90905022822
1612;1900;7208.061496739148
1613;1902;2221.068535421511
1614;1903;7886.076335858979
1615;1904;5763.7179246198875
1616;1905;4609.8760643793385
1617;1906;4575.651459016364
1618;1907;10256.142938613893
1619;1908;6390.762069912243
1620;1909;8080.778478620213
1621;1910;16947.968380349892
1622;1911;9232.755711516986
1623;1912;4481.479689482437
1624;1913;3870.5108397107765
1625;1914;12401.504951313798
1626;1915;10216.66574954317
1627;1916;25135.422665814927
1628;1917;4840.370785621524
1629;1920;4919.744578309404
1630;1921;9626.147219771605
1631;1922;29098.13884153574
1632;1923;5596.96722043154
1633;1924;3395.5692832081754
1634;1925;3367.1601662419866
1635;1926;2380.033255451555
1636;1928;6409.173250957073
1637;1929;5393.5127305528695
1638;1931;4938.656567490852
1639;1932;6068.852672158778
1640;1934;4238.490895584015
1641;1935;24247.34131479378
1642;1936;2784.1985885794297
1643;1937;18825.564631900397
1644;1938;3545.3733010890355
1645;1939;5748.622483225811
1646;1940;13921.590337389096
1647;1941;6189.995585695794
1648;1942;8571.61246245084
1649;1943;5191.748675453639
1650;1945;8284.23351095015
1651;1946;4803.569289588324
1652;1947;1933.835554119841
1653;1948;4842.291146624507
1654;1950;2945.1247501103676
1655;1951;8145.112345497888
1656;1952;20960.469436832624
1657;1953;5296.848299904128
1658;1954;11627.8614596986
1659;1955;9250.213611793451
1660;1956;5999.4748444901015
1661;1957;11519.967511729767
1662;1958;19032.756218031427
1663;1959;2267.670019894179
1664;1960;9169.09385825586
1665;1961;1427.1670410252561
1666;1962;13963.47796195659
1667;1963;4023.5794417689362
1668;1964;6761.05095352296
1669;1965;10803.355162369306
1670;1966;30001.477276188194
1671;1967;10849.319868706352
1672;1968;4269.024960487434
1673;1969;4069.8402760562094
1674;1970;9374.906294613518
1675;1971;8782.13441267299
1676;1972;5964.323302621468
1677;1973;2832.908683004642
1678;1974;5327.002877896654
1679;1975;16068.316567085692
1680;1976;8531.208862352774
1681;1977;7497.801336742264
1682;1978;15684.512190335177
1683;1979;12648.035680714687
1684;1980;8895.794175686573
1685;1981;5980.741689136979
1686;1983;5544.178288084287
1687;1985;6117.923341806557
1688;1987;9880.828739533981
1689;1988;5183.563096372104
1690;1989;7988.7637124329585
1691;1991;4806.563495766198
1692;1993;3326.245147511367
1693;1994;5490.3614052456105
1694;1995;8119.23822964721
1695;1996;9359.60111910077
1696;1997;5651.340726868719
1697;1998;7970.921175388809
1698;1999;4599.6993920364
1699;2000;16142.583698337068
1700;2001;43162.37818237073
1701;2002;6839.341896938148
1702;2003;10002.42773366764
1703;2004;7563.038723232017
1704;2005;3996.210380855522
1705;2006;30897.892677757056
1706;2007;13408.405180173568
1707;2008;7224.405809510269
1708;2010;10666.110573042191
1709;2011;7442.344123697688
1710;2012;24015.878116889668
1711;2013;6912.023694662651
1712;2014;5825.881302043701
1713;2016;8866.007139031368
1714;2017;4461.692813953449
1715;2019;6673.6652897327795
1716;2021;39617.657852174794
1717;2022;38718.30399754778
1718;2023;16432.59004851323
1719;2024;10364.466120374731
1720;2025;7356.039378734764
1721;2026;16419.133167265347
1722;2027;12129.809166585408
1723;2029;7155.928322712961
1724;2030;5357.140722396362
1725;2031;5300.835013509773
1726;2032;5047.233616459539
1727;2033;8771.794425612314
1728;2034;15339.462055120928
1729;2035;48143.70927051604
1730;2036;12508.53939949623
1731;2037;8208.034204916637
1732;2038;3095.049486771049
1733;2039;8096.412861928676
1734;2041;6299.881346538673
1735;2042;61164.76177836151
1736;2043;6128.915630253767
1737;2044;20277.525366204176
1738;2045;13420.938718769174
1739;2047;5827.295302839735
1740;2048;36746.10946339237
1741;2049;14008.617740180372
1742;2051;11683.528056466459
1743;2052;5918.713142932024
1744;2053;7525.323609009639
1745;2054;13422.812958253127
1746;2055;6367.896458070701
1747;2056;6405.947596255338
1748;2057;10299.345275502003
1749;2058;12467.832227296303
1750;2059;7867.308848539985
1751;2060;24418.1284100249
1752;2061;5401.644245172857
1753;2062;4310.839164072474
1754;2063;3971.230386364385
1755;2064;13598.510939729778
1756;2065;3197.381594000357
1757;2067;8789.78032870223
1758;2069;4936.900117693215
1759;2071;22903.68643209449
1760;2073;5403.6717311680295
1761;2075;4054.8503880094795
1762;2076;4532.791821525192
1763;2077;9299.203895346966
1764;2078;2738.9053307213962
1765;2079;14003.75305314833
1766;2080;4071.183721766011
1767;2081;46552.78311369466
1768;2082;3060.62100180042
1769;2083;7936.099580473431
1770;2084;8423.875832597349
1771;2085;3584.30745433126
1772;2086;24605.706457644937
1773;2087;5472.988965790565
1774;2088;4602.710964727489
1775;2089;7059.379061457595
1776;2090;9137.024457675665
1777;2092;34344.72869566906
1778;2093;12830.217385876844
1779;2094;7061.782931987724
1780;2095;6122.718464183109
1781;2097;2417.617082372395
1782;2098;2233.1576125106826
1783;2099;7000.189285733487
1784;2100;2051.1590795061315
1785;2101;4364.577673542753
1786;2102;4662.495377007047
1787;2103;13183.062680702411
1788;2104;9231.816792196363
1789;2105;4200.606327547605
1790;2106;5187.317768155499
1791;2107;16833.025749262604
1792;2108;18649.124460065043
1793;2109;6502.165631207069
1794;2110;3395.5235544567226
1795;2112;4809.148374727635
1796;2113;5291.495515975701
1797;2114;7298.399861239342
1798;2115;2418.6298026779136
1799;2117;33575.9893845765
1800;2118;7135.950717847542
1801;2119;12754.705769795715
1802;2122;8789.060360607093
1803;2123;13037.639893852582
1804;2124;19578.359732516557
1805;2125;18915.038206521014
1806;2126;13205.400654441699
1807;2127;46007.942382425594
1808;2129;8395.98253548231
1809;2130;15862.124349435704
1810;2131;6286.775241304051
1811;2133;12232.347658314602
1812;2134;8651.741128896956
1813;2135;10581.493509703183
1814;2137;2077.771347776276
1815;2138;12371.710212716032
1816;2140;13685.298470252785
1817;2141;3264.5687013816546
1818;2142;13354.403778720249
1819;2143;29757.66109379758
1820;2144;10457.784697414778
1821;2145;26510.687676507685
1822;2146;24592.8737873996
1823;2147;12448.502569981189
1824;2148;22836.957940524688
1825;2149;22324.79265011859
1826;2150;10943.897451527286
1827;2151;30013.466318557952
1828;2154;7972.011929594154
1829;2155;14336.27099700663
1830;2156;47062.401408903
1831;2157;14942.73505894198
1832;2158;12224.335027682968
1833;2159;23001.341311084823
1834;2160;16749.977984345373
1835;2161;8627.513695427197
1836;2162;47816.21007390631
1837;2164;13599.773829863154
1838;2167;60497.43462722684
1839;2168;9114.413373943044
1840;2169;17963.920791918197
1841;2170;3348.4214702128425
1842;2172;12330.676328745249
1843;2174;3234.0743390796974
1844;2175;4755.071017846266
1845;2176;4184.080766233983
1846;2178;23056.64254287444
1847;2179;6307.751557304458
1848;2180;8292.881838040155
1849;2182;26816.206933609163
1850;2183;52881.250463620316
1851;2184;85406.87179966134
1852;2185;26059.03648774979
1853;2186;29344.900541875697
1854;2187;68339.28637559158
1855;2188;30004.588013541845
1856;2189;5306.9949906584
1857;2190;4173.429026466454
1858;2191;4233.685502388851
1859;2192;2301.6402013644247
1860;2194;2197.351212640268
1861;2196;27044.128133856244
1862;2197;23723.443006752397
1863;2198;11140.149605616802
1864;2199;21680.666675826204
1865;2200;12742.801617497622
1866;2203;8719.190234165015
1867;2204;5711.268310664119
1868;2205;24092.20472985823
1869;2206;38458.79377829028
1870;2208;23696.893095268864
1871;2209;11996.262055507259
1872;2210;4448.604251075521
1873;2211;7277.407379195459
1874;2212;10422.403712462761
1875;2213;37271.45323584029
1876;2214;18014.671012664614
1877;2215;40635.66776037557
1878;2216;32696.382452944774
1879;2217;10819.245079639428
1880;2218;9731.16563075796
1881;2219;22886.412207013083
1882;2220;10839.164723518848
1883;2221;30706.548808942385
1884;2222;10163.001262263366
1885;2224;4379.8490576039
1886;2225;9763.99984784144
1887;2226;3959.2578012860936
1888;2227;10570.771193189441
1889;2228;6232.200256124015
1890;2229;35316.76724286671
1891;2230;46431.93482724683
1892;2231;5268.925129350052
1893;2232;12621.2222364578
1894;2233;3107.290273257057
1895;2234;22508.36648467166
1896;2235;8629.871049625901
1897;2237;8326.801782826906
1898;2238;4268.562326617156
1899;2239;15781.57454574296
1900;2242;14087.074666541921
1901;2243;3083.2786395423323
1902;2244;4970.768949199705
1903;2245;51928.673368700314
1904;2246;52125.997591414605
1905;2247;3148.9809717424887
1906;2248;16924.292371543917
1907;2249;37171.070117630356
1908;2251;17585.39297002013
1909;2252;6187.1447666711965
1910;2253;2879.9109084504576
1911;2254;27994.8185085618
1912;2255;10722.656116155049
1913;2256;6651.536823154179
1914;2257;3541.5452564115585
1915;2258;6549.521599589888
1916;2259;7598.478689422186
1917;2260;5739.0157565972595
1918;2261;6539.675013804189
1919;2263;39784.70163129843
1920;2264;12210.08436033335
1921;2265;5832.535019649327
1922;2266;10769.938425371665
1923;2267;20149.512621856873
1924;2268;67943.88079558244
1925;2269;15948.212502477969
1926;2270;12783.837485858608
1927;2271;2649.6695489897525
1928;2272;7485.216920728308
1929;2273;12964.178090522748
1930;2274;13605.832554562154
1931;2275;9255.877786689993
1932;2276;3549.1186200737484
1933;2278;6940.23294382812
1934;2279;6699.407670067223
1935;2280;17214.29394060068
1936;2281;12939.688517329023
1937;2282;17268.5351412293
1938;2285;3084.5492817007002
1939;2286;3037.4747687895833
1940;2287;1716.1918906315113
1941;2288;1632.8426847120138
1942;2289;19013.153591718317
1943;2290;5780.955536500915
1944;2291;5576.059234916374
1945;2292;16462.583571542193
1946;2293;12785.014227216781
1947;2295;26452.19540733649
1948;2297;6936.681121979343
1949;2298;5116.905226402524
1950;2299;9024.823455556785
1951;2300;19416.81318885766
1952;2301;27656.544799298073
1953;2302;8816.509559175227
1954;2303;7446.910786755155
1955;2304;4988.341213150927
1956;2305;3755.604288276459
1957;2307;23776.53270211862
1958;2308;4449.931604219215
1959;2309;3195.367251910975
1960;2310;7689.695044257016
1961;2311;7103.330809550298
1962;2312;6390.826300226872
1963;2313;9802.274498321849
1964;2314;3364.3285829217875
1965;2315;10867.613344093481
1966;2316;6662.13045185618
1967;2317;21781.262712201344
1968;2318;2021.3564260969918
1969;2319;10616.356993328829
1970;2320;5925.268838376388
1971;2322;33285.321903050215
1972;2323;7891.085301328266
1973;2324;4697.130831470525
1974;2325;21985.06845546156
1975;2326;23356.71735571341
1976;2327;36445.11247718961
1977;2328;15139.863717453556
1978;2329;6647.90136950482
1979;2330;2404.620719776625
1980;2331;7787.382853806805
1981;2332;3424.2153269718256
1982;2333;12347.077264382722
1983;2335;8724.474307496204
1984;2336;6354.5900677069685
1985;2338;4672.721969202877
1986;2339;7938.168824062971
1987;2340;17750.29330624981
1988;2342;6145.603544555527
1989;2343;7421.180741452347
1990;2344;3358.409220153482
1991;2345;7917.068173285923
1992;2346;9451.18661112108
1993;2348;4190.29366241277
1994;2349;10427.452273487905
1995;2350;7695.9713871842505
1996;2351;14620.450624485668
1997;2352;6553.290841887989
1998;2353;5889.549243605284
1999;2354;4569.497243277007
2000;2355;14669.7278060825
2001;2356;14140.281909427184
2002;2357;8591.097444349469
2003;2358;9507.386841093676
2004;2359;9371.170492688057
2005;2360;7247.988529694262
2006;2361;1754.5804881853517
2007;2362;4380.167594741936
2008;2363;8373.946333713415
2009;2364;14511.746068952008
2010;2365;10077.073180887657
2011;2366;3828.9441492026745
2012;2369;16530.06161791814
2013;2370;11388.15371585328
2014;2371;4578.742892056877
2015;2372;6234.377711540103
2016;2373;17117.1280409331
2017;2374;17731.814729870322
2018;2375;10609.05237735469
2019;2377;5780.293665908154
2020;2378;2121.7587652031434
2021;2381;14537.85535086788
2022;2383;4066.443660184739
2023;2384;8994.99798831095
2024;2385;4786.119415594508
2025;2387;12846.96724153227
2026;2389;3086.0174642953675
2027;2391;23813.086847540442
2028;2392;10703.123916395887
2029;2393;6664.707820504249
2030;2394;21742.87124646596
2031;2395;2977.454635401539
2032;2396;3941.6701165157233
2033;2397;6826.941560298254
2034;2398;3460.598409389773
2035;2399;6671.697618522721
2036;2400;8489.987374180093
2037;2401;5418.9189586085195
2038;2402;2931.104905854252
2039;2404;4825.018980825076
2040;2405;8612.390819729275
2041;2406;3259.4534411047175
2042;2407;10328.206319570332
2043;2408;3365.341127284395
2044;2409;3793.641174714014
2045;2411;2603.290647531984
2046;2412;8019.822409599372
2047;2413;26664.457909467583
2048;2414;31238.075599864056
2049;2415;2719.7245624183506
2050;2417;8815.395668563242
2051;2418;21121.557842701794
2052;2419;5338.636934025378
2053;2421;5912.577651575688
2054;2422;7827.922053085018
2055;2424;10230.669508370995
2056;2425;3065.698852952455
2057;2427;12100.127220657858
2058;2428;3947.757486630167
2059;2429;3383.433485803091
2060;2430;3241.9915225701784
2061;2431;6222.221652265092
2062;2432;10233.066967631266
2063;2433;12169.820299003113
2064;2434;9419.103831272694
2065;2435;11327.69414453225
2066;2437;38024.067449579714
2067;2438;36008.27147074277
2068;2439;68800.63709386048
2069;2440;45416.80808275906
2070;2441;5145.504987092346
2071;2442;3556.6402587524135
2072;2443;2600.705877000719
2073;2444;7090.633732197904
2074;2445;5130.6347686785175
2075;2446;4102.253047993433
2076;2447;5617.01513277293
2077;2448;7820.583214064062
2078;2449;8300.55209575814
2079;2450;2586.012942017954
2080;2453;3091.0613298596277
2081;2455;10904.58608024398
2082;2456;13066.057979899086
2083;2457;11293.035730924428
2084;2458;21938.0482885347
2085;2459;6944.018172889645
2086;2460;3082.700876675038
2087;2462;9220.991850607803
2088;2465;20124.54691273585
2089;2466;5172.101628992238
2090;2467;4374.429361615397
2091;2468;4799.210704976995
2092;2470;5775.409528674582
2093;2471;5969.317220410128
2094;2472;6602.18276817436
2095;2473;3116.447686293075
2096;2474;2575.6757443030665
2097;2475;9319.034113785146
2098;2476;20612.750878959734
2099;2477;15834.469276552001
2100;2478;3074.300699850821
2101;2479;7134.054592299297
2102;2480;4582.505967156482
2103;2482;8763.826569932506
2104;2483;2501.776777005662
2105;2484;17156.83800567766
2106;2485;24334.9179974565
2107;2486;58863.40523578064
2108;2489;9619.52464395477
2109;2490;20127.842590610922
2110;2491;16453.882385862118
2111;2492;23191.348411591538
2112;2493;29808.58859497098
2113;2495;6530.195129815715
2114;2496;30073.39632196933
2115;2497;17817.007437652323
2116;2498;12599.641040185374
2117;2499;4810.570356076425
2118;2500;28887.152733515963
2119;2501;7681.25098722438
2120;2502;9615.732210014785
2121;2503;11170.769698931601
2122;2505;9241.589066507964
2123;2506;23383.789917045502
2124;2507;13878.591874320327
2125;2508;28151.073265743413
2126;2509;27052.97995442512
2127;2510;19867.458032272843
2128;2511;9436.563101832959
2129;2512;24514.02699969563
2130;2514;5766.178476073062
2131;2515;4619.023968848996
2132;2516;6127.504983624331
2133;2517;2295.158987664778
2134;2518;18865.979076649037
2135;2519;4192.703473905469
2136;2520;5829.585703500234
2137;2521;8970.401182189926
2138;2522;9270.677937885324
2139;2523;2112.9963444174873
2140;2524;5058.9320307751905
2141;2525;15056.280254312444
2142;2526;5169.861585755484
2143;2528;9517.79723918436
2144;2529;10323.102991077712
2145;2530;6677.081820592033
2146;2531;6375.9395184508285
2147;2532;7715.396791902462
2148;2533;4878.995254561647
2149;2534;20037.015194586627
2150;2536;10208.217849449107
2151;2538;4333.194020596002
2152;2539;12849.11469938254
2153;2540;5042.740459451109
2154;2541;7851.210820090145
2155;2542;7529.2467830214655
2156;2544;11120.608171677595
2157;2545;11236.674178447689
2158;2546;4995.532181977914
2159;2547;6105.7621757356565
2160;2548;11326.918001446562
2161;2549;1802.1500676589274
2162;2551;8049.473696075406
2163;2552;5910.3716720718
2164;2553;6005.592651217662
2165;2554;8040.181048570619
2166;2555;12425.134001279408
2167;2556;6328.623196211279
2168;2557;9152.398246944382
2169;2558;6900.525293173806
2170;2559;16827.192708616236
2171;2560;18237.88315513916
2172;2561;4452.710703729595
2173;2563;4071.703298403412
2174;2565;7832.57437730103
2175;2566;6340.421106530197
2176;2567;11907.522352371263
2177;2568;6878.008846657772
2178;2569;33568.524795518395
2179;2570;14837.118299328768
2180;2571;6450.02084110451
2181;2572;5698.8389824325195
2182;2573;6820.633753189474
2183;2574;19878.99087287708
2184;2575;8004.409635605756
2185;2576;5931.854391616253
2186;2577;16459.355475070068
2187;2578;11932.287632495894
2188;2581;23136.79619133756
2189;2582;5021.036531306611
2190;2583;2549.0276177422334
2191;2584;6505.909680892288
2192;2586;5072.257043870318
2193;2587;9910.19126700406
2194;2588;3629.33094164933
2195;2589;9484.008588417108
2196;2590;10863.918189792172
2197;2591;3447.7734350717074
2198;2592;35494.21661703749
2199;2593;17530.336944803126
2200;2595;6386.7739651657
2201;2597;4764.351302332209
2202;2598;4316.820767123685
2203;2599;10876.010408442007
2204;2600;2883.8415668753332
2205;2601;6662.863050782279
2206;2602;5008.4341449682515
2207;2603;6876.125907257544
2208;2605;3577.3203078622264
2209;2606;10053.488160786754
2210;2607;8881.33394851786
2211;2608;1918.1147936678437
2212;2609;5243.246201337203
2213;2610;5258.557283016984
2214;2611;18205.49700132161
2215;2612;5430.962474292741
2216;2614;13367.964299926158
2217;2615;2420.311750776556
2218;2616;13373.193590918381
2219;2617;15991.408323675307
2220;2618;11821.43488372124
2221;2619;3214.9611971753125
2222;2620;4228.106254777061
2223;2621;11149.170265308596
2224;2622;6841.0108996093595
2225;2623;5550.323618874942
2226;2624;2654.6771036101386
2227;2625;17453.96657167839
2228;2626;14424.743871187957
2229;2627;8161.323733436441
2230;2628;4959.390077386949
2231;2629;2127.83474365959
2232;2630;20538.41945573087
2233;2631;23763.498087865417
2234;2632;29166.43375027722
2235;2633;6310.946747678234
2236;2634;7538.816745681909
2237;2635;4855.3254201506525
2238;2636;9875.237472356901
2239;2638;5306.332863843188
2240;2639;6786.764617208876
2241;2640;2510.7663912594685
2242;2641;9788.937886116435
2243;2642;11853.90175580979
2244;2643;3934.860167033863
2245;2644;2548.6526513319345
2246;2645;14472.671503755495
2247;2647;6494.9159113021005
2248;2648;7230.703377168668
2249;2653;6031.54863585295
2250;2654;43222.83852930454
2251;2656;18627.44682872202
2252;2657;3984.501357904593
2253;2658;8669.298223151667
2254;2659;9810.943135141135
2255;2660;13196.264471388764
2256;2661;2589.854939823195
2257;2662;9485.332239079862
2258;2663;4756.6119693307255
2259;2664;12846.026356876328
2260;2666;3412.9945185930264
2261;2668;9991.366784390057
2262;2669;2529.6128374073037
2263;2670;16495.002936108198
2264;2671;8005.215351250518
2265;2672;43906.2876390645
2266;2674;14848.988196369648
2267;2675;3420.5595582869732
2268;2676;3524.8707172591517
2269;2677;7537.555816915597
2270;2678;32467.229420263455
2271;2679;21711.295262298925
2272;2680;15243.435762328256
2273;2681;22015.17260182674
2274;2682;17809.303405549705
2275;2683;30000.239313758957
2276;2684;47753.2397099062
2277;2685;16057.46756058454
2278;2686;7611.761574117467
2279;2687;29077.443392691737
2280;2690;7118.445366210165
2281;2691;5013.401339042831
2282;2692;26090.156745504817
2283;2693;2291.8906118377804
2284;2694;2464.1699369903113
2285;2695;6373.065459866671
2286;2696;5846.8274915787815
2287;2697;16725.8478896829
2288;2698;11713.404800730017
2289;2699;5529.089635696179
2290;2701;12096.43530006342
2291;2703;2719.54959046517
2292;2706;7134.280205870783
2293;2707;5060.891501333595
2294;2709;9074.466571615674
2295;2710;12214.623132513652
2296;2711;27300.018815875083
2297;2712;7173.020487737772
2298;2713;3993.9281733923585
2299;2714;31299.182816460525
2300;2715;9148.282687262219
2301;2716;13146.025221639715
2302;2717;21311.17002023174
2303;2718;9881.46889376521
2304;2719;3814.6834591078655
2305;2720;8246.23156864986
2306;2721;35576.76006453533
2307;2722;7250.653437408037
2308;2723;4412.840608107193
2309;2725;7663.26573303044
2310;2726;9292.162585343583
2311;2727;4234.540436378698
2312;2728;2421.752633417044
2313;2729;5735.250957726366
2314;2731;6848.316879668534
2315;2732;2243.4264041618453
2316;2734;4389.046634867045
2317;2735;12674.214957108825
2318;2736;25029.44215522383
2319;2737;17499.070356094537
2320;2738;3360.713659092699
2321;2739;20752.261826729227
2322;2740;15763.203490042719
2323;2742;15458.254603372234
2324;2743;11460.301103914813
2325;2744;2146.2007905596406
2326;2747;10512.958222067977
2327;2749;12625.480928578765
2328;2750;9704.558433487953
2329;2751;11870.245475550842
2330;2753;5710.941858802689
2331;2754;7432.039967901382
2332;2756;3165.7469439053443
2333;2758;8944.587467782081
2334;2759;5671.100290076866
2335;2760;11187.210340859427
2336;2762;8716.197531882199
2337;2764;10743.60172432929
2338;2765;4717.205161641984
2339;2766;28309.80218789254
2340;2767;3311.8550170818658
2341;2768;6914.383912243925
2342;2769;9615.303583995661
2343;2770;8842.57906205008
2344;2771;10728.876069697257
2345;2772;11550.38207284079
2346;2773;4460.988826849231
2347;2775;24989.473262036878
2348;2776;14950.995616378072
2349;2777;21650.07680342428
2350;2778;11909.330596463129
2351;2780;22282.220300593453
2352;2781;25638.377461630327
2353;2782;67985.95524306594
2354;2783;20421.057971785118
2355;2784;12621.754234988342
2356;2785;33906.99092585367
2357;2786;25352.589091766917
2358;2787;3144.4187546711564
2359;2788;72251.80657671345
2360;2789;22661.82360340937
2361;2790;12130.296382609586
2362;2791;14356.064821321705
2363;2793;14651.785553760805
2364;2794;14287.604038115163
2365;2795;15350.13004629117
2366;2796;6514.2305402037155
2367;2797;12855.689030508149
2368;2798;14987.529422045265
2369;2799;36564.84883936409
2370;2800;20079.629450171764
2371;2802;4099.040152796641
2372;2803;7433.318067701355
2373;2804;7627.491246323439
2374;2805;5627.04675159001
2375;2806;8136.3507442255695
2376;2807;6299.343150975098
2377;2808;38588.81327794327
2378;2809;4294.243157988395
2379;2810;6838.231681183213
2380;2811;6554.721265191801
2381;2812;2954.0332907804877
2382;2813;17117.946349417576
2383;2814;14687.884223340443
2384;2816;6902.550580523977
2385;2817;2752.836958059071
2386;2818;2241.9703156148503
2387;2819;19377.14598734917
2388;2820;9339.15147454716
2389;2821;4033.688585506769
2390;2823;9228.603584087852
2391;2824;6552.719142810428
2392;2825;15596.359331775153
2393;2826;11757.060074491994
2394;2827;16259.83860638003
2395;2829;8093.887515862705
2396;2830;6610.093832869893
2397;2831;12740.960453047534
2398;2832;15121.171015114865
2399;2833;3447.412164864511
2400;2834;7842.155811376575
2401;2835;15292.95539964443
2402;2836;5983.943814689438
2403;2837;4449.0058576131205
2404;2838;6784.432862515983
2405;2839;16793.742898132074
2406;2841;7500.523508731193
2407;2842;11764.99524560752
2408;2843;21410.0058784686
2409;2844;7164.597500213436
2410;2845;2710.2972052766504
2411;2846;7566.375313800708
2412;2848;19467.0346090622
2413;2849;8349.702790281042
2414;2850;12570.3340178379
2415;2851;4694.438560754074
2416;2852;5313.033343929329
2417;2853;4701.596044424852
2418;2854;11303.879078105625
2419;2856;4850.766163973725
2420;2857;2985.199919891709
2421;2858;7870.905432587674
2422;2859;11365.469545208301
2423;2861;4055.021658487853
2424;2862;2760.608290372483
2425;2863;2566.9029424236883
2426;2864;40831.89391943256
2427;2865;9727.758777884474
2428;2866;6278.524584570986
2429;2868;3918.9576697593316
2430;2869;11621.43672871513
2431;2870;9433.289443379113
2432;2871;12084.385286836201
2433;2872;4008.8223622938913
2434;2873;9515.014804641034
2435;2874;8457.472972559333
2436;2875;12357.45978812367
2437;2876;8506.55487621072
2438;2878;10611.24813211378
2439;2879;4453.712652660594
2440;2880;6916.631753789489
2441;2881;10351.534657430231
2442;2882;3825.560598914792
2443;2883;9989.818428300125
2444;2884;14625.19270569783
2445;2885;16098.486304098826
2446;2886;6114.689716694059
2447;2887;6636.561076112667
2448;2888;7540.292514269149
2449;2890;3519.237218398071
2450;2891;11487.205417590389
2451;2892;10752.558924939569
2452;2893;7593.166929823698
2453;2895;14465.314755453155
2454;2896;9866.557035311342
2455;2897;9548.221177484653
2456;2898;12022.702353645544
2457;2899;9751.182382013332
2458;2900;6908.247572051537
2459;2901;45114.24046441868
2460;2902;15733.639704585492
2461;2903;22091.57365266382
2462;2904;10564.136862197853
2463;2905;4640.517107633706
2464;2906;50207.8813191679
2465;2907;9407.795946688282
2466;2908;7333.114730143545
2467;2909;8934.862106833521
2468;2911;6981.609732378504
2469;2912;11350.2951027553
2470;2913;2284.868983004784
2471;2914;6307.965061690861
2472;2915;5219.974538161169
2473;2916;10888.6987033186
2474;2917;8607.395587231067
2475;2918;20735.463769742015
2476;2919;3835.1098775554033
2477;2920;9922.699064696668
2478;2921;5695.2902582603565
2479;2922;13211.702701227458
2480;2923;13775.933070228393
2481;2924;9162.071679544664
2482;2925;8046.425808742409
2483;2926;15959.190291862993
2484;2927;9262.819005279924
2485;2928;5176.324766799814
2486;2930;23493.669654114816
2487;2931;3794.166758186511
2488;2933;11862.269164195408
2489;2935;4217.754745103341
2490;2936;20199.02391158436
2491;2937;7626.5949586133165
2492;2938;8952.337909705573
2493;2939;10614.425021148714
2494;2940;19543.41709244329
2495;2941;6791.020379221456
2496;2942;7794.3974185118195
2497;2943;3812.8422859128023
2498;2944;8699.086684820077
2499;2946;8732.052954186334
2500;2947;20378.920642085523
2501;2948;7158.715815484495
2502;2949;7123.528761386652
2503;2951;2921.454383141919
2504;2952;3991.6914209308893
2505;2953;12513.64681780329
2506;2955;12126.54604431175
2507;2956;2657.121620482311
2508;2957;4852.996046068193
2509;2959;9218.002467316575
2510;2960;4866.970582838796
2511;2961;14099.501595835603
2512;2962;4841.018093954671
2513;2963;19711.380798799462
2514;2964;11149.66155234261
2515;2965;7483.602132997897
2516;2967;5464.752075133224
2517;2968;5512.703260805457
2518;2969;3449.582599415697
2519;2970;12416.99424756687
2520;2971;7604.096371123099
2521;2972;12645.651118729576
2522;2973;9319.71441385138
2523;2974;21415.61450968773
2524;2975;4329.582060280619
2525;2977;18286.33519550726
2526;2978;11746.19574187221
2527;2979;11310.741619202192
2528;2980;14419.752702179496
2529;2981;8301.744070647006
2530;2982;11921.206159236994
2531;2983;5959.755714575515
2532;2985;10879.208109146764
2533;2986;27854.422871990624
2534;2987;3735.5850244922644
2535;2988;13708.859829869805
2536;2989;5921.135555806471
2537;2990;5355.593189078205
2538;2991;3157.5232211082243
2539;2993;24562.483252848862
2540;2994;6764.491653315391
2541;2995;3816.333304787086
2542;2996;15315.493992952397
2543;2997;4262.842494241316
2544;2998;13129.58655249273
2545;2999;6859.622053464977
2546;3000;10383.933902333334
2547;3001;5587.410276368559
2548;3002;10312.90821938601
2549;3003;9297.000231934077
2550;3005;42818.059922545326
2551;3006;35508.557522189636
2552;3007;24054.633931980952
2553;3009;39100.78910752549
2554;3010;28022.80903577474
2555;3011;10085.149743588156
2556;3012;24285.34037053183
2557;3013;11997.121177662404
2558;3014;10714.624095967778
2559;3015;12752.113309463917
2560;3016;5889.231272104127
2561;3017;29121.488890695637
2562;3018;19663.152016199158
2563;3019;5855.800419573013
2564;3020;20772.264233407277
2565;3021;13298.834195014822
2566;3022;12641.774551432914
2567;3023;6330.8461360514875
2568;3024;5672.912712421164
2569;3025;14912.067552358874
2570;3026;12918.062330962493
2571;3027;5862.33939059616
2572;3028;18108.48978867706
2573;3029;15779.574491527123
2574;3030;5002.691098479524
2575;3031;4231.985215569406
2576;3032;13423.563763401316
2577;3034;25964.014197548167
2578;3035;7502.315105981358
2579;3036;11743.51730157568
2580;3037;10363.27533386693
2581;3038;26644.872701452132
2582;3039;2824.3208046167783
2583;3040;12823.995396702298
2584;3041;6601.713477430886
2585;3042;3143.6929368793863
2586;3043;4275.618623374678
2587;3044;13303.592147420239
2588;3045;24939.209742250576
2589;3046;11972.06797149791
2590;3047;6313.94880220546
2591;3048;11010.572193687083
2592;3049;9611.57325721381
2593;3050;5243.334817912107
2594;3051;28954.022921793734
2595;3052;6955.736241516556
2596;3053;12561.18832681636
2597;3055;9484.480508715942
2598;3056;4570.339241827085
2599;3058;2935.2007783555673
2600;3059;10833.46016576266
2601;3060;10456.846909842085
2602;3061;12313.012347914473
2603;3062;19622.63933593702
2604;3063;17011.390945223196
2605;3064;8476.145894116109
2606;3065;3578.913145343913
2607;3066;6851.011327808285
2608;3067;8422.31796822738
2609;3068;3928.191435870902
2610;3070;10169.835102512936
2611;3071;4498.192039914026
2612;3072;8248.541762332168
2613;3073;6455.43643898236
2614;3074;23951.76780849523
2615;3075;8600.198621325282
2616;3076;6042.765112529664
2617;3077;15424.930653563759
2618;3078;4382.9631958257505
2619;3079;12317.497210138172
2620;3080;6073.583534152705
2621;3081;3435.348086813547
2622;3083;12136.858375840748
2623;3084;3106.602901468774
2624;3085;10624.393233164525
2625;3087;1456.300207889905
2626;3088;13116.575216176576
2627;3089;7406.040003760088
2628;3090;7759.384714020848
2629;3091;19895.631994882628
2630;3092;4992.35807141878
2631;3093;13777.70194850296
2632;3094;2880.0434207548606
2633;3095;6886.682298758825
2634;3097;12258.857103578586
2635;3099;6422.537080884121
2636;3100;13823.446014180407
2637;3101;19185.63636393447
2638;3102;7438.311287748888
2639;3104;4135.63154302953
2640;3105;13798.58572489844
2641;3106;3251.0397627905586
2642;3107;2676.7883900235647
2643;3108;8067.237179127534
2644;3110;18691.998546559218
2645;3111;11914.709155776569
2646;3112;11815.266770583157
2647;3113;8746.682374843225
2648;3116;6199.724168480116
2649;3117;3618.3634786541857
2650;3118;4460.002802929933
2651;3119;3546.4051261059744
2652;3120;4483.456821463482
2653;3122;3916.1339609371958
2654;3123;8664.719748724156
2655;3124;10508.43105312581
2656;3125;8774.405569263305
2657;3126;24592.55866594326
2658;3127;7893.823420584374
2659;3128;7937.3550382169415
2660;3129;3587.414416899223
2661;3130;7789.663119245651
2662;3131;3119.1873932623935
2663;3132;5937.292230067874
2664;3133;5727.313392171508
2665;3134;23751.70510526758
2666;3135;14880.128025315114
2667;3136;6785.703261751946
2668;3137;4901.84204222738
2669;3139;5048.167215877217
2670;3140;6872.03062591175
2671;3141;6429.001767076573
2672;3142;17577.132995501855
2673;3143;1831.3860059638446
2674;3144;16342.622563310693
2675;3145;7221.551943794725
2676;3146;1324.4187601649005
2677;3147;1584.0615729345107
2678;3148;2342.706455851858
2679;3149;10657.1145520154
2680;3150;2454.27369323409
2681;3151;26892.834374612765
2682;3152;16165.23570836233
2683;3153;37472.67933828786
2684;3154;18357.9177413858
2685;3155;14894.82806546698
2686;3157;19799.4666412627
2687;3158;4140.1302436462
2688;3159;5062.121507570654
2689;3160;4559.837150478004
2690;3161;9990.592767515676
2691;3162;9048.993424071477
2692;3163;6466.081667587784
2693;3165;7075.239110618215
2694;3166;12587.416084475497
2695;3167;8397.981227493068
2696;3170;24885.032994153637
2697;3171;6192.879425358071
2698;3172;6457.879747890486
2699;3173;2177.6301504900566
2700;3174;7560.348795017807
2701;3175;9178.304172198905
2702;3176;11975.180726390965
2703;3177;26376.244100642067
2704;3178;6473.725011802228
2705;3179;14272.265305621768
2706;3180;9544.709829181915
2707;3181;18721.80225886685
2708;3183;13947.17886193194
2709;3184;9031.874720386802
2710;3185;36238.51694195631
2711;3187;9745.136608699164
2712;3188;4477.004694599139
2713;3189;11093.522888041733
2714;3190;17912.1681616592
2715;3191;10328.22194518402
2716;3192;10675.988093058919
2717;3193;9704.289420983838
2718;3194;12302.267648063726
2719;3195;11279.6831314168
2720;3196;6316.306452755886
2721;3198;18604.02335820523
2722;3201;17765.65555088247
2723;3202;7715.989183769386
2724;3203;13644.65688726615
2725;3204;9253.21913683511
2726;3205;5741.015305342116
2727;3207;4867.704246029138
2728;3209;37779.417001547175
2729;3210;26352.720500493615
2730;3211;3705.107173287354
2731;3212;4476.888083481609
2732;3214;74313.25597100375
2733;3215;28850.544020725774
2734;3216;20680.394594631904
2735;3217;12326.440397748482
2736;3218;13796.081530996738
2737;3219;4176.376082814774
2738;3220;7612.261791208942
2739;3221;13780.516823285829
2740;3222;51166.937680851785
2741;3223;12459.324032827019
2742;3224;11786.608487964193
2743;3225;12445.129911144393
2744;3226;9215.209260952142
2745;3227;24821.73718467817
2746;3228;19781.48244543349
2747;3229;17522.598633417725
2748;3230;18375.52543426663
2749;3231;10081.747343917395
2750;3232;5392.4455588243645
2751;3233;4607.803013070019
2752;3234;8735.71881375805
2753;3235;4192.732247616725
2754;3237;17817.926549412692
2755;3238;10774.290484883313
2756;3239;10277.52591763808
2757;3240;9982.506977620322
2758;3241;2525.8590889205475
2759;3242;3187.638502989787
2760;3244;26648.789405076004
2761;3245;19281.19254977565
2762;3246;7290.401194011744
2763;3247;7622.214204898392
2764;3248;3412.2208671033136
2765;3249;7211.383167813206
2766;3250;4629.921545837434
2767;3253;12448.630391525949
2768;3254;29560.00457367615
2769;3255;11894.507800702582
2770;3256;6175.037660240912
2771;3257;16161.649139383875
2772;3258;13380.903074648153
2773;3259;15929.405200286945
2774;3260;12642.963298145505
2775;3262;13255.92829018596
2776;3264;5455.863772770947
2777;3265;4576.302125260405
2778;3266;20321.077960706632
2779;3267;14006.146362677595
2780;3268;13149.78295250594
2781;3269;23700.125646067143
2782;3270;3285.8831120662126
2783;3271;3975.862746567252
2784;3272;15820.778254987052
2785;3273;2104.773364770512
2786;3275;1277.0871317016315
2787;3276;2932.737377030377
2788;3277;8330.657899146305
2789;3278;3682.3616201179775
2790;3279;3907.354272691595
2791;3280;2624.2182600995498
2792;3281;2088.142736438165
2793;3282;3784.280652014653
2794;3283;8111.416854043391
2795;3286;6310.13456959707
2796;3288;2588.726394161394
2797;3289;4846.761916208792
2798;3290;40671.7588293651
2799;3291;18499.10454960317
2800;3292;7336.964878663001
2801;3293;7023.191533882782
2802;3295;4785.2145032051285
2803;3296;6060.931279761906
2804;3297;2205.312962072649
2805;3298;7760.251032509162
2806;3299;3588.319199446387
2807;3300;6993.464885531136
2808;3302;6904.096753310791
2809;3303;4310.586996336996
2810;3304;4406.217683150183
2811;3305;10862.796572978299
2812;3306;9764.69523855311
2813;3308;3848.9153914835165
2814;3309;5137.768913461538
2815;3311;3228.2441163003664
2816;3312;5683.248395146522
2817;3313;5478.873900717338
2818;3314;4137.8225549450535
2819;3315;6017.2767399267395
2820;3317;2584.8591411019543
2821;3318;3895.4122332875463
2822;3319;3348.4073158484025
2823;3320;4992.972308170091
2824;3321;4239.491497668999
2825;3322;3924.8496399433893
2826;3324;6145.588251241513
2827;3325;15159.689488772097
2828;3327;9121.743437649306
2829;3328;7951.698995290425
2830;3329;11772.726538461538
2831;3330;24988.41363482672
2832;3331;12213.839697802197
2833;3332;3160.474048763736
2834;3333;4782.761007326008
2835;3334;2479.691471028971
2836;3335;6928.3921115689855
2837;3336;6311.087804487179
2838;3337;7899.4069597069565
2839;3338;26670.786319291827
2840;3339;4174.606158424908
2841;3341;2749.466517857143
2842;3342;6361.119076236263
2843;3343;3032.2739762667884
2844;3345;8035.340603479854
2845;3346;7506.277540856579
2846;3347;5781.677158119659
2847;3348;5400.5138663766775
2848;3349;1764.7152141955264
2849;3350;9481.658486721608
2850;3351;6029.009013278387
2851;3352;23224.210236263727
2852;3354;3785.4511916208808
2853;3355;2735.636824252137
2854;3356;4633.942784264348
2855;3357;16451.54713827839
2856;3358;3854.0072592883303
2857;3360;7072.03880990537
2858;3361;2288.387017322955
2859;3362;4444.634693223445
2860;3363;5814.4444990079355
2861;3364;4372.980864239927
2862;3365;3261.971936813187
2863;3366;5072.157973137974
2864;3369;2352.945658246845
2865;3370;7496.080761381475
2866;3372;8920.478592032967
2867;3373;6411.061799755799
2868;3374;3090.270159874848
2869;3375;15868.62471871184
2870;3376;6987.657454212454
2871;3377;4398.311825778388
2872;3378;5186.394702762515
2873;3379;9601.221626602564
2874;3380;6995.274366224053
2875;3381;3933.261622405373
2876;3382;4146.082721445221
2877;3384;4690.3114247558005
2878;3385;4721.406632326009
2879;3386;3965.3461050061046
2880;3387;8066.102875076311
2881;3388;9651.756833791203
2882;3391;6847.9567044413925
2883;3392;18987.52527701465
2884;3393;49021.70215201466
2885;3395;3853.8261767399267
2886;3397;23101.197115384613
2887;3398;12074.481884157509
2888;3399;9449.884118589744
2889;3400;7016.116849020545
2890;3401;3969.9341017677966
2891;3402;7842.886222527472
2892;3403;10838.000210622708
2893;3404;7465.692211538461
2894;3405;5651.976590862841
2895;3407;3196.5306786329616
2896;3408;3535.036552107313
2897;3409;3881.6204317111456
2898;3410;4436.073564560439
2899;3411;40763.33934065936
2900;3412;30828.852919937202
2901;3413;9345.837509157509
2902;3414;3223.7767773530827
2903;3417;38455.5989239927
2904;3418;7141.608981608668
2905;3419;7806.237941849816
2906;3420;33287.742573260075
2907;3421;4997.804072802197
2908;3422;8524.833081501829
2909;3423;36556.0421978022
2910;3424;23198.61223443224
2911;3425;8188.463830128206
2912;3427;5813.580918421855
2913;3428;9028.323608821729
2914;3429;9383.221861263737
2915;3430;3593.92619047619
2916;3431;7856.5801449938945
2917;3434;3527.075543727106
2918;3435;4702.6675599053715
2919;3437;4061.968416514041
2920;3438;3680.6430860805854
2921;3439;4743.237516178266
2922;3440;11634.953424908423
2923;3441;14584.886066849816
2924;3442;21650.10920100733
2925;3443;4671.670611263736
2926;3444;2358.2749160561657
2927;3445;3588.623766788767
2928;3446;5937.172806394995
2929;3447;4151.328274954212
2930;3448;57531.729710317486
2931;3449;16524.38066849817
2932;3451;5334.383333333332
2933;3452;20200.475446428565
2934;3453;4140.976580389308
2935;3454;17747.448253968247
2936;3455;18138.287884615373
2937;3456;8053.656634880993
2938;3458;5772.500853188477
2939;3459;4961.191736534298
2940;3460;5915.14670136345
2941;3461;5864.156043956044
2942;3462;7296.1763003663
2943;3463;2587.577777777778
2944;3465;2083.127916666667
2945;3466;8908.477410714286
2946;3467;13725.652954365078
2947;3468;5214.1457323232335
2948;3469;6022.4480929487145
2949;3470;18392.465505952376
2950;3471;24455.7274381868
2951;3473;13954.833170787542
2952;3474;920.2700000000001
2953;3476;3101.6348076923077
2954;3477;4620.02535964036
2955;3479;12069.501666666665
2956;3481;4519.013910256411
2957;3482;12380.992759302097
2958;3483;4081.3194608516483
2959;3485;3676.380178515929
2960;3486;2913.2304609279613
2961;3487;2146.7915232337104
2962;3488;3868.376457570208
2963;3489;7157.871712835775
2964;3490;1709.605864579864
2965;3491;4476.345614316239
2966;3492;6075.255708562269
2967;3494;7427.870453678267
2968;3495;22644.821048534795
2969;3496;6964.237435897434
2970;3497;1618.4146153846152
2971;3498;2998.07512706044
2972;3499;8980.116149267398
2973;3500;7839.225705128204
2974;3501;17752.19293956044
2975;3502;7844.6215476190455
2976;3503;11518.457142857142
2977;3504;5021.4
2978;3505;39279.815132783886
2979;3506;43549.69373382173
2980;3507;31532.22800366302
2981;3508;31146.719237637368
2982;3509;40941.51150183154
2983;3510;15062.075844780222
2984;3511;21117.811449175817
2985;3513;14996.312983058606
2986;3514;5454.858769078145
2987;3515;11673.429798534795
2988;3516;11342.061597985345
2989;3517;14954.165272435896
2990;3518;6859.915033577534
2991;3519;15691.405746336992
2992;3520;16147.883648427965
2993;3521;12200.555578449326
2994;3522;11964.546195054943
2995;3523;7537.083793498167
2996;3524;6509.848711080586
2997;3525;11574.527051282052
2998;3526;7164.842614468864
2999;3527;10247.581517857136
3000;3528;7413.196282051281
3001;3529;8072.31729624542
3002;3530;30292.882976190478
3003;3531;7940.710649801583
3004;3532;4736.027904456655
3005;3534;11832.261183608054
3006;3535;10293.64497252747
3007;3536;5879.353617216116
3008;3537;9018.830131639192
3009;3538;8612.708333333334
3010;3540;9231.917079136143
3011;3541;1245.0484575424573
3012;3542;995.0055956724437
3013;3543;6952.962365909553
3014;3544;10358.640457667332
3015;3545;4089.4025648772536
3016;3546;4657.2339606227115
3017;3547;10694.624285714284
3018;3548;7570.64
3019;3550;7498.157525510203
3020;3551;3849.5969276556775
3021;3553;37490.45536721612
3022;3554;6073.022714785214
3023;3555;6426.34933236902
3024;3556;12873.324615384618
3025;3558;30166.114631562876
3026;3560;8508.630579212453
3027;3561;13982.37267582417
3028;3562;5091.161114163613
3029;3563;3659.433829746642
3030;3564;4402.449519230769
3031;3567;4185.4257306929185
3032;3569;4366.352662545786
3033;3570;3327.4118883547
3034;3571;5166.723148656897
3035;3572;20434.233010531134
3036;3573;11765.840345238094
3037;3574;27151.569947344327
3038;3575;5710.12739697802
3039;3576;8527.824015567765
3040;3577;11953.597857142851
3041;3578;8041.143266941388
3042;3579;8460.529555860805
3043;3580;2181.3830769230767
3044;3581;6173.106166819292
3045;3582;11078.271948641637
3046;3583;5455.966466346154
3047;3584;12746.153713369966
3048;3585;22177.785787545785
3049;3586;9242.259089590965
3050;3587;5659.739101800977
3051;3588;15600.795711996332
3052;3589;5468.578304348429
3053;3590;30916.046110347987
3054;3591;20979.69689331501
3055;3594;6891.014674145299
3056;3595;8385.096348824785
3057;3596;2306.7249320124324
3058;3597;36006.05195741758
3059;3600;9190.940183150182
3060;3601;22198.91463270757
3061;3602;3208.864868950494
3062;3603;9486.639550213675
3063;3604;7386.7860215201445
3064;3606;6800.223444368134
3065;3607;5084.648081883394
3066;3609;11567.325114468864
3067;3610;6388.549116460464
3068;3611;2511.8735085204653
3069;3612;3089.165340719886
3070;3613;3423.9404030899645
3071;3614;1674.250167531963
3072;3615;5123.506161695448
3073;3616;11409.376449938944
3074;3618;3002.0027533577536
3075;3619;8589.13166469495
3076;3620;24348.390888676528
3077;3622;4481.585997770345
3078;3623;8330.668487816529
3079;3624;7762.5747029781805
3080;3625;13181.760699952221
3081;3628;3551.5884531440784
3082;3629;1761.645641268454
3083;3630;3477.854339133089
3084;3631;7761.308088369965
3085;3632;7596.046112637358
3086;3633;3272.8700934829053
3087;3634;22135.334126984122
3088;3635;3964.858312728937
3089;3637;6815.041702533576
3090;3638;4019.582662545788
3091;3639;4660.28145947802
3092;3640;4788.820563186812
3093;3641;25842.739547619047
3094;3642;9666.391263888889
3095;3643;17376.426755952376
3096;3645;14479.64494047619
3097;3646;17167.203922619035
3098;3647;8725.827678571428
3099;3648;5183.315629655067
3100;3649;40880.131547619065
3101;3651;8001.296528083026
3102;3652;8131.115912316848
3103;3653;9576.350168803418
3104;3654;5218.631291971918
3105;3656;3953.801639957264
3106;3657;6412.036523580588
3107;3658;4837.28674908425
3108;3659;6217.568147054332
3109;3660;14237.106747176435
3110;3662;5919.64748577811
3111;3663;3274.1743458971564
3112;3664;11252.177325244202
3113;3665;2793.535494956432
3114;3666;1372.9598804713805
3115;3669;14475.638965201455
3116;3670;15505.125565476184
3117;3671;8179.124022435896
3118;3673;23937.07914377289
3119;3676;12404.646266025644
3120;3677;5637.965666208792
3121;3678;14883.202980769229
3122;3679;17943.45123626373
3123;3680;6432.827886904762
3124;3681;24398.32234203296
3125;3682;11243.960357142854
3126;3683;12601.095124007938
3127;3685;15115.522716727712
3128;3686;7298.622912087912
3129;3687;4868.569207875457
